index,Close
1,482.431553
2,485.048643
3,484.213959
4,479.504755
5,480.067486
6,480.965173
7,479.952542
8,481.551559
9,478.947536
10,477.688417
11,477.475200
12,479.345824
13,477.190665
14,478.562780
