index,Close
1,427.08032646
2,432.2646547
3,421.72644456 
4,425.74954505
5,443.56687109 
6,458.66484934 
7,469.82965456 
8,459.14897528 
9,461.75589998
10,462.65244001 
11,460.41493097 
12,466.58774907 
13,475.36734837 
14,485.74895032
